{
  "1": [39.96793823612438, 43.39643121578004],
  "2": [39.960418594263274, 43.388065958922994],
  "3": [39.972430030510964, 43.382209275527714],
  "4": [39.981178981964604, 43.38925826009398]
}