{
  "1": [39.97416786826932,  43.39064660196374],
  "2": [39.9766200695658, 43.3924320857173],
  "4": [39.97106550306739, 43.393946561301846]
}